numero,emissao,validade
999001/2026,2026-01-15,2026-12-31
999002/2026,2026-01-15,2026-12-31
999003/2026,2026-01-15,2026-12-31
999004/2026,2026-01-15,2026-12-31
999005/2026,2026-01-15,2026-12-31
999006/2026,2026-01-15,2026-12-31
999007/2026,2026-01-15,2026-12-31
999008/2026,2026-01-15,2026-12-31
999009/2026,2026-01-15,2026-12-31
999010/2026,2026-01-15,2026-12-31
999011/2026,2026-01-15,2026-12-31
999012/2026,2026-01-15,2026-12-31
999013/2026,2026-01-15,2026-12-31
999014/2026,2026-01-15,2026-12-31
999015/2026,2026-01-15,2026-12-31
999016/2026,2026-01-15,2026-12-31
999017/2026,2026-01-15,2026-12-31
999018/2026,2026-01-15,2026-12-31
999019/2026,2026-01-15,2026-12-31
999020/2026,2026-01-15,2026-12-31
999021/2026,2026-01-15,2026-12-31
999022/2026,2026-01-15,2026-12-31
999023/2026,2026-01-15,2026-12-31
999024/2026,2026-01-15,2026-12-31
999025/2026,2026-01-15,2026-12-31
999026/2026,2026-01-15,2026-12-31
999027/2026,2026-01-15,2026-12-31
999028/2026,2026-01-15,2026-12-31
999029/2026,2026-01-15,2026-12-31
999030/2026,2026-01-15,2026-12-31
999031/2026,2026-01-15,2026-12-31
999032/2026,2026-01-15,2026-12-31
999033/2026,2026-01-15,2026-12-31
999034/2026,2026-01-15,2026-12-31
999035/2026,2026-01-15,2026-12-31
999036/2026,2026-01-15,2026-12-31
999037/2026,2026-01-15,2026-12-31
999038/2026,2026-01-15,2026-12-31
999039/2026,2026-01-15,2026-12-31
999040/2026,2026-01-15,2026-12-31
999041/2026,2026-01-15,2026-12-31
999042/2026,2026-01-15,2026-12-31
999043/2026,2026-01-15,2026-12-31
999044/2026,2026-01-15,2026-12-31
999045/2026,2026-01-15,2026-12-31
999046/2026,2026-01-15,2026-12-31
999047/2026,2026-01-15,2026-12-31
999048/2026,2026-01-15,2026-12-31
999049/2026,2026-01-15,2026-12-31
999050/2026,2026-01-15,2026-12-31
999051/2026,2026-01-15,2026-12-31
999052/2026,2026-01-15,2026-12-31
999053/2026,2026-01-15,2026-12-31
999054/2026,2026-01-15,2026-12-31
999055/2026,2026-01-15,2026-12-31
999056/2026,2026-01-15,2026-12-31
999057/2026,2026-01-15,2026-12-31
999058/2026,2026-01-15,2026-12-31
999059/2026,2026-01-15,2026-12-31
999060/2026,2026-01-15,2026-12-31
999061/2026,2026-01-15,2026-12-31
999062/2026,2026-01-15,2026-12-31
999063/2026,2026-01-15,2026-12-31
999064/2026,2026-01-15,2026-12-31
999065/2026,2026-01-15,2026-12-31
999066/2026,2026-01-15,2026-12-31
999067/2026,2026-01-15,2026-12-31
999068/2026,2026-01-15,2026-12-31
999069/2026,2026-01-15,2026-12-31
999070/2026,2026-01-15,2026-12-31
999071/2026,2026-01-15,2026-12-31
999072/2026,2026-01-15,2026-12-31
999073/2026,2026-01-15,2026-12-31
999074/2026,2026-01-15,2026-12-31
999075/2026,2026-01-15,2026-12-31
999076/2026,2026-01-15,2026-12-31
999077/2026,2026-01-15,2026-12-31
999078/2026,2026-01-15,2026-12-31
999079/2026,2026-01-15,2026-12-31
999080/2026,2026-01-15,2026-12-31
999081/2026,2026-01-15,2026-12-31
999082/2026,2026-01-15,2026-12-31
999083/2026,2026-01-15,2026-12-31
999084/2026,2026-01-15,2026-12-31
999085/2026,2026-01-15,2026-12-31
999086/2026,2026-01-15,2026-12-31
999087/2026,2026-01-15,2026-12-31
999088/2026,2026-01-15,2026-12-31
999089/2026,2026-01-15,2026-12-31
999090/2026,2026-01-15,2026-12-31
999091/2026,2026-01-15,2026-12-31
999092/2026,2026-01-15,2026-12-31
999093/2026,2026-01-15,2026-12-31
999094/2026,2026-01-15,2026-12-31
999095/2026,2026-01-15,2026-12-31
999096/2026,2026-01-15,2026-12-31
999097/2026,2026-01-15,2026-12-31
999098/2026,2026-01-15,2026-12-31
999099/2026,2026-01-15,2026-12-31
999100/2026,2026-01-15,2026-12-31
